{
  "cola": {
    "validation_mcc": 0.5157664784865402
  },
  "sst2": {
    "validation_acc": 0.9369266055045872
  },
  "mrpc": {
    "validation_acc": 0.8529411764705882,
    "validation_f1": 0.8943661971830986
  },
  "qqp": {
    "validation_acc": 0.879495424189958,
    "validation_f1": 0.8411684162482884
  },
  "mnli": {
    "validation_matched_acc": 0.8581762608252674,
    "validation_mismatched_acc": 0.8556753458096013,
    "validation_avg_acc": 0.8569258033174343
  },
  "qnli": {
    "validation_acc": 0.909573494416987
  },
  "rte": {
    "validation_acc": 0.7256317689530686
  },
  "stsb": {
    "validation_pearson": 0.9015977145699315
  },
  "glue_avg": {
    "avg": 0.822357308238637
  }
}