{
  "cola": {
    "validation_mcc": 0.5550196600183235
  },
  "sst2": {
    "validation_acc": 0.9346330275229358
  },
  "mrpc": {
    "validation_acc": 0.8774509803921569,
    "validation_f1": 0.9131944444444444
  },
  "qqp": {
    "validation_acc": 0.8961909473163493,
    "validation_f1": 0.8620179504882138
  },
  "mnli": {
    "validation_matched_acc": 0.8691798267957208,
    "validation_mismatched_acc": 0.8681855166802278,
    "validation_avg_acc": 0.8686826717379743
  },
  "qnli": {
    "validation_acc": 0.9256818597840014
  },
  "rte": {
    "validation_acc": 0.7942238267148014
  },
  "stsb": {
    "validation_pearson": 0.9126698909941953
  },
  "glue_avg": {
    "avg": 0.8455691080600921
  }
}