{
  "cola": {
    "validation_mcc": 0.44631217708365717
  },
  "sst2": {
    "validation_acc": 0.9208715596330275
  },
  "mrpc": {
    "validation_acc": 0.8553921568627451,
    "validation_f1": 0.8933092224231465
  },
  "qqp": {
    "validation_acc": 0.8806826613900569,
    "validation_f1": 0.8408130939809926
  },
  "mnli": {
    "validation_matched_acc": 0.8563423331635253,
    "validation_mismatched_acc": 0.8532343368592351,
    "validation_avg_acc": 0.8547883350113802
  },
  "qnli": {
    "validation_acc": 0.9086582463847702
  },
  "rte": {
    "validation_acc": 0.7725631768953068
  },
  "stsb": {
    "validation_pearson": 0.8965764267612062
  },
  "glue_avg": {
    "avg": 0.8169805925027688
  }
}