{
  "cola": {
    "validation_mcc": 0.433128798177375
  },
  "sst2": {
    "validation_acc": 0.9334862385321101
  },
  "mrpc": {
    "validation_acc": 0.8553921568627451,
    "validation_f1": 0.8940754039497307
  },
  "qqp": {
    "validation_acc": 0.8817709621568143,
    "validation_f1": 0.8437295671505165
  },
  "mnli": {
    "validation_matched_acc": 0.8583800305654611,
    "validation_mismatched_acc": 0.854759967453214,
    "validation_avg_acc": 0.8565699990093376
  },
  "qnli": {
    "validation_acc": 0.9049972542559034
  },
  "rte": {
    "validation_acc": 0.7870036101083032
  },
  "stsb": {
    "validation_pearson": 0.8979590936882091
  },
  "glue_avg": {
    "avg": 0.8187885140988497
  }
}