{
  "cola": {
    "validation_mcc": 0.5050885375584
  },
  "sst2": {
    "validation_acc": 0.9426605504587156
  },
  "mrpc": {
    "validation_acc": 0.8823529411764706,
    "validation_f1": 0.9148936170212766
  },
  "qqp": {
    "validation_acc": 0.8914419985159535,
    "validation_f1": 0.8563291760777767
  },
  "mnli": {
    "validation_matched_acc": 0.8681609780947529,
    "validation_mismatched_acc": 0.8661513425549227,
    "validation_avg_acc": 0.8671561603248378
  },
  "qnli": {
    "validation_acc": 0.9225700164744646
  },
  "rte": {
    "validation_acc": 0.776173285198556
  },
  "stsb": {
    "validation_pearson": 0.909658828511078
  },
  "glue_avg": {
    "avg": 0.8371377897773096
  }
}