{
  "cola": {
    "validation_mcc": 0.5157664784865402
  },
  "sst2": {
    "validation_acc": 0.9369266055045872
  },
  "mrpc": {
    "validation_acc": 0.8504901960784313,
    "validation_f1": 0.8927943760984183
  },
  "qqp": {
    "validation_acc": 0.879495424189958,
    "validation_f1": 0.8411891257578721
  },
  "mnli": {
    "validation_matched_acc": 0.8579724910850739,
    "validation_mismatched_acc": 0.8557770545158666,
    "validation_avg_acc": 0.8568747728004702
  },
  "qnli": {
    "validation_acc": 0.909573494416987
  },
  "rte": {
    "validation_acc": 0.7256317689530686
  },
  "stsb": {
    "validation_pearson": 0.9016032517566129
  },
  "glue_avg": {
    "avg": 0.8220452490233319
  }
}