{
  "cola": {
    "validation_mcc": 0.04676655489109306
  },
  "sst2": {
    "validation_acc": 0.481651376146789
  },
  "glue_avg": {
    "avg": 0.264208965518941
  }
}