{
  "cola": {
    "validation_mcc": 0.5024061937657525
  },
  "sst2": {
    "validation_acc": 0.9357798165137615
  },
  "mrpc": {
    "validation_acc": 0.8799019607843137,
    "validation_f1": 0.9126559714795008
  },
  "qqp": {
    "validation_acc": 0.8819935691318328,
    "validation_f1": 0.8433220583888871
  },
  "mnli": {
    "validation_matched_acc": 0.8565461029037188,
    "validation_mismatched_acc": 0.8594385679414158,
    "validation_avg_acc": 0.8579923354225674
  },
  "qnli": {
    "validation_acc": 0.9141497345780707
  },
  "rte": {
    "validation_acc": 0.7617328519855595
  },
  "stsb": {
    "validation_pearson": 0.906098765483683
  },
  "glue_avg": {
    "avg": 0.8292672159522227
  }
}